{
  "os":  "Linux-5.15.0-124-generic-x86_64-with-glibc2.35",
  "python":  "3.9.20",
  "startedAt":  "2024-11-09T07:05:09.150079Z",
  "args":  [
    "--ppo_epochs=50",
    "--target_model",
    "google/gemma-2b-it",
    "--data_files",
    "./prompt_test.jsonl",
    "--model_name",
    "edures/redteam-lexi",
    "--log_with",
    "wandb"
  ],
  "program":  "/home/e/e0725981/starter-kit/trl/train.py",
  "codePath":  "trl/train.py",
  "git":  {
    "remote":  "https://github.com/clydelhui/starter-kit.git",
    "commit":  "de2f6fefbb3dc9116ed34d5f79408a5bcbfb61f7"
  },
  "email":  "edures@protonmail.com",
  "root":  "/home/e/e0725981/starter-kit/trl",
  "host":  "xgph3",
  "username":  "e0725981",
  "executable":  "/home/e/e0725981/miniconda3/envs/trl2/bin/python3.9",
  "codePathLocal":  "train.py",
  "cpu_count":  32,
  "cpu_count_logical":  64,
  "gpu":  "NVIDIA A100 80GB PCIe",
  "gpu_count":  1,
  "disk":  {
    "/":  {
      "total":  "99950723072",
      "used":  "9348595712"
    }
  },
  "memory":  {
    "total":  "270080782336"
  },
  "cpu":  {
    "count":  32,
    "countLogical":  64
  },
  "gpu_nvidia":  [
    {
      "name":  "NVIDIA A100 80GB PCIe",
      "memoryTotal":  "85899345920",
      "cudaCores":  6912,
      "architecture":  "Ampere"
    }
  ],
  "slurm":  {
    "cluster_name":  "soc",
    "conf":  "/etc/slurm/slurm.conf",
    "cpus_on_node":  "2",
    "gpus_on_node":  "1",
    "gtids":  "0",
    "job_account":  "allusers",
    "job_cpus_per_node":  "2",
    "job_gid":  "140",
    "job_gpus":  "0",
    "job_id":  "416524",
    "job_name":  "TRL",
    "job_nodelist":  "xgph3",
    "job_num_nodes":  "1",
    "job_partition":  "gpu-long",
    "job_qos":  "normal",
    "job_uid":  "47104",
    "job_user":  "e0725981",
    "jobid":  "416524",
    "localid":  "0",
    "mem_per_node":  "32768",
    "nnodes":  "1",
    "node_aliases":  "(null)",
    "nodeid":  "0",
    "nodelist":  "xgph3",
    "nprocs":  "1",
    "ntasks":  "1",
    "ntasks_per_node":  "1",
    "prio_process":  "0",
    "procid":  "0",
    "submit_dir":  "/home/e/e0725981/starter-kit/trl",
    "submit_host":  "xlogin1",
    "task_pid":  "1057525",
    "tasks_per_node":  "1",
    "topology_addr":  "xgph3",
    "topology_addr_pattern":  "node",
    "working_cluster":  "soc:xctl10:6817:9472:109"
  },
  "cudaVersion":  "12.5"
}